id,biological_sex,age_at_diagnosis,performance_status_ecog,overall_hpv_p16_status,index_tumour_location,clin_t,clin_n,clin_m,event_overall_survival,overall_survival_in_days
A0144,male,66,1,negative,larynx,4,0,0,1,968
A0305,male,65,3,negative,hypopharynx,1,0,0,0,492
A0073,male,82,1,negative,oropharynx,2,3,0,1,857
A0319,female,71,1,positive,oropharynx,2,1,0,0,695
A0277,male,62,0,negative,oropharynx,3,1,0,0,867
A0108,male,68,2,negative,larynx,3,3,0,1,150
A0054,male,72,2,negative,oropharynx,3,0,0,1,839
A0057,male,62,1,positive,hypopharynx,3,3,0,0,1255
A0399,male,66,0,positive,oropharynx,2,1,0,0,606
A0310,male,56,3,negative,larynx,1,3,0,1,49
A0036,male,69,1,positive,larynx,4,1,0,1,386
A0147,male,76,4,negative,larynx,2,2,0,0,1487
A0329,male,60,1,negative,larynx,1,2,0,0,1015
A0128,male,77,0,positive,larynx,3,3,0,0,589
A0121,male,73,1,positive,oropharynx,1,1,0,0,1190
A0151,male,55,3,negative,hypopharynx,1,0,0,1,693
A0120,female,68,2,negative,larynx,2,0,0,0,632
A0328,male,63,2,negative,larynx,3,1,0,1,108
A0321,male,58,1,negative,larynx,3,1,0,0,651
A0336,female,60,4,positive,larynx,2,2,0,0,1201
A0220,male,55,0,positive,oropharynx,2,0,0,0,202
A0218,male,59,2,negative,oropharynx,2,0,0,1,363
A0263,female,49,4,positive,larynx,2,0,0,0,1267
A0385,male,65,4,negative,oropharynx,1,0,0,1,313
A0010,female,62,2,negative,oropharynx,2,2,0,0,1453
A0268,male,54,2,negative,oropharynx,3,2,0,1,45
A0034,female,73,4,positive,oropharynx,4,1,0,1,418
A0208,male,70,0,negative,hypopharynx,3,3,0,0,942
A0391,male,75,1,positive,oropharynx,2,3,0,1,537
A0196,male,52,3,positive,larynx,3,0,1,1,312
A0211,male,60,4,,hypopharynx,2,1,0,0,339
A0195,male,66,1,positive,oropharynx,4,1,0,0,473
A0384,male,64,1,negative,oropharynx,4,3,0,0,1314
A0021,male,60,2,negative,oropharynx,1,0,0,0,745
A0112,male,46,1,positive,oropharynx,3,0,0,0,1082
A0050,male,89,0,positive,oropharynx,1,2,0,0,798
A0138,male,78,0,positive,larynx,2,0,0,1,1548
A0162,male,87,2,negative,oropharynx,2,1,0,1,326
A0103,male,72,1,negative,oropharynx,4,0,0,1,134
A0150,male,66,0,negative,oropharynx,0,0,0,0,261
A0320,male,59,2,positive,larynx,2,0,0,1,1120
A0246,male,70,2,positive,oropharynx,1,3,0,0,1160
A0083,male,64,2,,hypopharynx,1,1,0,1,1011
A0159,male,68,4,negative,larynx,3,2,0,1,241
A0284,female,53,2,,larynx,3,3,0,0,658
A0324,male,60,3,negative,oropharynx,1,2,0,0,1813
A0388,male,62,2,negative,larynx,4,2,0,0,1262
A0327,male,55,2,negative,oropharynx,2,3,0,0,1596
A0392,male,47,2,positive,larynx,3,1,0,0,1134
A0098,male,66,0,negative,larynx,4,1,0,1,770
A0026,male,79,0,positive,larynx,1,0,0,0,1348
A0332,male,68,2,,oropharynx,3,0,1,0,1380
A0215,male,64,0,positive,larynx,2,0,0,0,1075
A0140,female,44,4,positive,oropharynx,2,3,0,0,1152
A0244,male,55,3,negative,oropharynx,2,0,0,1,141
A0357,female,55,2,negative,larynx,4,2,0,1,94
A0068,male,66,0,positive,larynx,2,1,0,0,907
A0303,male,73,2,negative,oropharynx,3,2,0,0,1672
A0352,male,75,2,negative,oropharynx,3,1,0,0,1271
A0071,male,50,2,positive,larynx,2,0,1,0,1115
A0003,female,49,0,,oropharynx,2,3,0,0,653
A0292,male,57,0,positive,oropharynx,1,1,0,0,1376
A0234,male,76,1,,larynx,1,1,0,0,462
A0221,female,52,2,negative,oropharynx,3,0,0,1,51
A0264,male,69,1,negative,oropharynx,0,1,0,0,1367
A0090,female,69,3,positive,oropharynx,2,1,0,1,1047
A0070,male,65,1,,oropharynx,3,2,0,0,1760
A0173,male,59,1,positive,oropharynx,3,2,1,1,1132
A0290,male,59,0,negative,oropharynx,3,0,0,0,1051
A0300,male,66,1,,oropharynx,1,1,1,0,852
A0355,male,71,3,negative,oropharynx,1,0,0,0,959
A0235,male,81,3,negative,oropharynx,3,2,0,1,53
A0236,male,54,1,negative,oropharynx,2,1,0,1,628
A0297,female,66,2,,oropharynx,1,3,0,0,226
A0400,male,56,1,negative,larynx,3,1,0,0,303
A0291,male,66,1,positive,larynx,2,0,0,0,1123
A0178,female,61,2,,larynx,3,2,0,0,833
A0046,male,70,1,negative,oropharynx,0,2,0,0,182
A0035,female,57,1,negative,hypopharynx,3,2,0,0,998
A0165,female,85,1,positive,hypopharynx,2,0,0,0,1161
A0190,female,68,0,positive,oropharynx,2,1,0,0,673
A0047,female,81,2,,oropharynx,2,2,0,1,1040
A0273,female,61,4,negative,larynx,3,1,0,1,798
A0245,male,55,2,negative,larynx,2,2,0,0,774
A0025,male,69,0,negative,hypopharynx,3,1,0,1,170
A0111,female,58,1,positive,larynx,2,0,0,0,820
A0275,male,63,1,positive,larynx,3,2,1,0,445
A0056,male,64,0,negative,oropharynx,1,0,0,0,1293
A0152,male,62,1,negative,oropharynx,4,0,0,1,606
A0307,male,63,0,,larynx,3,1,0,0,1141
A0279,male,56,3,negative,oropharynx,1,2,0,0,366
A0082,female,58,2,negative,hypopharynx,3,0,0,1,137
A0135,male,60,1,negative,oropharynx,2,0,0,0,621
A0099,male,55,0,negative,oropharynx,3,0,0,1,796
A0004,male,75,2,positive,larynx,4,0,0,0,1628
A0395,male,69,1,negative,oropharynx,1,1,0,0,1824
A0366,male,59,1,positive,hypopharynx,4,2,0,1,370
A0247,male,63,2,negative,larynx,4,0,0,1,27
A0040,male,71,2,,oropharynx,4,0,0,1,636
A0309,male,59,1,positive,oropharynx,3,0,0,0,653
A0398,female,60,1,negative,larynx,1,2,0,0,1792
A0348,male,63,3,positive,larynx,3,3,0,0,299
A0148,male,68,2,,hypopharynx,3,2,0,0,515
A0323,male,66,1,negative,oropharynx,2,0,0,0,1207
A0133,male,71,1,negative,oropharynx,1,1,0,0,1664
A0170,male,75,4,positive,larynx,3,3,0,0,251
A0105,male,75,3,negative,oropharynx,3,2,0,1,98
A0322,female,63,1,negative,oropharynx,3,0,0,0,231
A0020,male,53,0,positive,oropharynx,2,2,0,1,1600
A0080,male,63,2,negative,larynx,2,0,0,0,1157
A0379,male,67,1,negative,larynx,3,0,0,0,1193
A0226,female,62,2,negative,hypopharynx,1,x,1,0,897
A0286,male,72,3,positive,larynx,1,3,0,0,1490
A0197,male,52,1,negative,larynx,2,0,1,1,1020
A0383,male,46,1,positive,larynx,3,1,0,0,1655
A0044,male,76,2,negative,larynx,4,0,1,1,368
A0166,male,57,0,negative,oropharynx,1,0,0,0,1374
A0081,female,76,2,positive,larynx,1,1,0,0,1821
A0066,male,74,2,negative,oropharynx,2,0,0,1,1023
A0281,male,76,2,positive,oropharynx,3,3,0,0,349
A0240,male,81,2,negative,larynx,3,1,0,0,1073
A0163,male,72,3,positive,oropharynx,1,2,0,0,392
A0205,male,66,0,positive,larynx,2,3,0,0,1247
A0254,male,64,3,positive,oropharynx,3,x,0,0,1618
A0239,male,68,2,positive,oropharynx,2,0,0,1,809
A0386,male,66,2,negative,hypopharynx,4,2,0,0,355
A0174,male,74,3,positive,larynx,2,3,0,0,1178
A0347,male,71,0,positive,oropharynx,1,0,0,0,597
A0087,female,59,0,negative,hypopharynx,4,0,0,0,713
A0233,male,76,0,positive,oropharynx,3,2,0,0,1058
A0001,female,58,1,positive,hypopharynx,4,2,0,0,963
A0370,male,58,2,negative,oropharynx,1,1,0,0,245
A0141,male,76,0,negative,larynx,1,1,0,0,1580
A0365,male,72,1,positive,larynx,2,1,0,0,382
A0157,female,60,1,negative,oropharynx,3,0,0,1,306
A0271,male,70,0,positive,larynx,1,2,0,0,275
A0084,female,68,4,positive,hypopharynx,2,1,0,0,1616
A0129,female,62,1,positive,larynx,3,0,1,0,273
A0091,male,69,1,negative,hypopharynx,3,3,0,1,716
A0224,male,60,1,,oropharynx,2,x,0,0,1728
A0200,male,65,0,negative,oropharynx,4,2,0,0,1077
A0106,male,66,3,negative,larynx,2,2,0,0,676
A0316,female,58,2,negative,oropharynx,3,3,1,1,880
A0354,male,70,2,positive,hypopharynx,2,1,0,0,1120
A0016,male,59,0,negative,larynx,1,2,0,1,1101
A0371,female,57,2,negative,oropharynx,2,2,0,0,1587
A0093,male,50,0,positive,hypopharynx,1,2,0,0,1504
A0258,female,82,0,negative,larynx,0,1,0,0,1560
A0019,male,63,3,negative,larynx,3,1,0,1,1432
A0027,female,58,2,negative,hypopharynx,1,1,0,0,627
A0158,female,46,1,negative,larynx,1,1,0,0,873
A0249,female,63,1,positive,oropharynx,3,3,0,0,372
A0210,male,65,0,negative,hypopharynx,2,1,0,0,420
A0248,female,53,3,negative,oropharynx,3,1,0,1,399
A0289,male,68,1,positive,larynx,2,2,0,0,671
A0049,male,84,2,negative,larynx,2,3,0,0,1053
A0022,male,69,2,,larynx,3,2,0,0,1405
A0378,male,71,2,positive,larynx,3,0,0,0,1133
A0393,male,51,4,negative,hypopharynx,2,1,1,0,1184
A0008,female,66,1,negative,larynx,3,0,0,1,146
A0270,male,64,1,,hypopharynx,2,0,0,0,1163
A0260,male,52,0,positive,larynx,4,3,1,1,963
A0278,male,72,1,negative,larynx,4,1,0,0,668
A0280,male,73,0,positive,oropharynx,2,2,0,0,1669
A0237,male,69,1,negative,oropharynx,1,0,0,0,1356
A0288,female,64,2,negative,oropharynx,3,0,0,0,596
A0304,male,77,0,negative,oropharynx,3,0,0,0,1259
A0096,female,80,1,positive,oropharynx,1,0,0,0,1798
A0256,male,55,2,positive,oropharynx,3,0,0,1,140
A0191,male,65,3,positive,larynx,2,0,0,0,293
A0012,male,68,1,negative,oropharynx,4,0,0,0,369
A0219,male,52,0,negative,larynx,2,0,0,0,1142
A0187,male,70,2,negative,larynx,2,2,0,0,232
A0214,male,55,2,negative,hypopharynx,3,0,0,0,690
A0180,male,79,0,negative,larynx,3,2,0,0,1592
A0089,male,57,0,positive,oropharynx,3,2,0,0,1419
A0175,male,57,2,negative,oropharynx,2,3,0,0,1218
A0033,male,71,1,negative,larynx,1,0,0,0,482
A0171,female,67,4,negative,hypopharynx,2,0,0,1,40
A0311,male,62,2,negative,hypopharynx,3,0,0,0,256
A0182,female,69,1,negative,larynx,3,3,0,1,147
A0315,male,66,1,negative,larynx,3,2,0,0,1477
A0063,female,56,1,positive,hypopharynx,3,1,0,0,383
A0380,male,71,1,positive,oropharynx,2,1,0,0,532
A0294,male,59,3,negative,hypopharynx,0,1,0,0,1213
A0299,male,70,0,negative,oropharynx,2,1,0,0,862
A0229,male,55,1,negative,hypopharynx,2,1,0,0,1759
A0389,male,68,0,positive,oropharynx,2,1,0,0,563
A0067,female,59,0,negative,larynx,2,1,0,0,1249
A0079,male,74,4,positive,oropharynx,4,1,0,1,833
A0331,male,60,1,positive,oropharynx,3,1,0,0,501
A0176,female,50,2,,oropharynx,4,1,0,0,368
A0181,male,73,1,negative,larynx,2,2,0,0,630
A0351,female,55,0,negative,larynx,1,2,0,0,1065
A0198,male,67,1,positive,oropharynx,3,0,0,0,1354
A0287,female,65,2,negative,larynx,3,1,0,1,458
A0117,male,55,0,positive,oropharynx,2,3,0,0,1798
A0127,male,66,0,negative,larynx,1,2,0,0,971
A0051,female,77,0,positive,larynx,2,0,0,0,1527
A0253,male,62,0,positive,larynx,4,1,0,1,800
A0006,male,62,2,negative,oropharynx,2,0,0,0,193
A0032,male,75,0,positive,larynx,4,2,0,0,1010
A0060,male,60,2,,oropharynx,3,1,0,0,393
A0301,male,64,1,negative,oropharynx,2,0,1,1,229
A0045,male,69,0,negative,oropharynx,2,2,0,1,162
A0396,female,70,0,positive,hypopharynx,2,0,0,0,314
A0069,female,54,1,negative,larynx,3,1,0,0,1747
A0259,male,71,1,negative,hypopharynx,2,1,0,0,1746
A0250,male,67,0,negative,oropharynx,2,1,0,1,797
A0267,male,47,0,negative,oropharynx,1,2,0,0,1670
A0014,female,63,1,positive,hypopharynx,2,1,0,0,308
A0255,male,65,0,positive,oropharynx,1,0,0,0,1406
A0212,male,67,2,negative,hypopharynx,1,0,0,1,228
A0344,male,67,0,negative,larynx,3,2,0,0,1751
A0193,male,70,2,negative,oropharynx,4,2,0,1,177
A0222,male,59,1,negative,oropharynx,2,3,0,0,404
A0335,male,54,2,negative,oropharynx,4,1,0,1,594
A0136,male,81,1,positive,oropharynx,4,1,0,0,622
A0126,female,75,0,negative,oropharynx,3,2,0,0,435
A0183,male,73,2,positive,larynx,3,0,0,0,537
A0065,female,57,3,positive,larynx,4,0,0,0,897
A0381,female,75,0,negative,oropharynx,1,3,0,0,1410
A0058,male,66,1,negative,larynx,2,2,0,0,784
A0338,female,59,0,,oropharynx,1,x,0,0,342
A0397,female,62,0,positive,larynx,2,3,0,0,1625
A0201,female,65,2,negative,hypopharynx,2,1,0,0,1351
A0011,male,70,3,negative,larynx,4,2,1,1,144
A0101,male,48,1,negative,larynx,1,1,0,0,815
A0390,male,69,2,positive,hypopharynx,3,3,0,0,1297
A0055,female,60,2,negative,oropharynx,4,0,0,1,107
A0204,male,65,3,negative,larynx,2,0,0,0,294
A0293,female,68,3,negative,oropharynx,2,2,0,0,352
A0179,male,64,2,negative,oropharynx,4,0,0,1,222
A0272,male,76,2,negative,larynx,3,3,0,1,602
A0340,male,41,1,negative,oropharynx,3,2,0,1,943
A0252,female,63,1,negative,oropharynx,3,2,0,0,568
A0350,male,72,3,positive,oropharynx,2,0,1,1,131
A0213,female,71,1,negative,oropharynx,2,1,0,0,1362
A0334,female,55,2,positive,oropharynx,4,0,0,1,601
A0156,male,53,0,negative,larynx,1,2,1,0,777
A0349,female,46,1,negative,oropharynx,2,0,0,0,1469
A0306,male,77,0,positive,larynx,1,0,1,1,340
A0009,male,62,1,negative,larynx,1,0,0,0,1233
A0266,male,59,0,positive,oropharynx,2,1,0,0,1826
A0257,male,71,1,,larynx,2,x,0,0,1068
A0353,male,78,1,positive,larynx,3,1,0,0,722
A0223,male,60,3,negative,oropharynx,2,3,0,1,455
A0177,female,75,0,negative,hypopharynx,4,1,0,0,1615
A0326,female,62,0,negative,larynx,3,2,0,1,730
A0125,male,70,2,negative,oropharynx,3,2,0,1,352
A0318,male,65,0,positive,oropharynx,2,2,0,0,884
A0360,male,56,1,positive,oropharynx,4,2,0,1,801
A0343,male,68,1,negative,oropharynx,4,0,0,1,1082
A0119,male,72,1,negative,larynx,2,1,0,0,940
A0339,male,59,0,negative,oropharynx,2,3,0,0,1218
A0261,female,65,0,negative,larynx,2,3,0,0,1297
A0154,male,57,2,positive,larynx,1,2,0,0,300
A0137,male,71,1,negative,oropharynx,2,1,0,1,706
A0312,male,69,1,positive,hypopharynx,2,0,0,0,920
A0113,male,65,1,negative,hypopharynx,1,3,0,0,1603
A0377,male,62,0,,hypopharynx,2,2,1,1,843
A0207,male,60,0,positive,larynx,1,0,0,1,570
A0104,male,61,1,positive,hypopharynx,3,1,0,0,1414
A0118,female,70,2,,larynx,3,1,0,1,879
A0262,female,50,0,positive,oropharynx,3,3,0,0,398
A0052,male,71,1,positive,oropharynx,2,1,0,0,1006
A0333,male,67,1,,oropharynx,1,0,0,0,447
A0164,female,56,2,negative,larynx,2,0,1,0,405
A0362,male,59,1,negative,oropharynx,1,2,1,1,255
A0192,male,61,0,positive,oropharynx,1,2,0,0,804
A0130,male,56,0,positive,oropharynx,3,x,0,0,339
A0184,male,58,0,negative,larynx,1,2,0,0,1706
A0394,male,76,4,,larynx,3,2,0,1,1456
A0078,male,59,2,negative,larynx,2,x,0,0,1332
A0124,male,72,4,negative,oropharynx,3,0,0,1,1325
A0251,male,71,0,,hypopharynx,2,2,0,0,919
A0314,male,63,4,positive,hypopharynx,2,2,0,0,815
A0072,female,58,1,positive,oropharynx,1,1,0,0,652
A0188,male,62,0,positive,oropharynx,2,1,0,0,1010
A0116,male,77,3,positive,larynx,3,1,0,1,454
A0115,female,64,0,negative,hypopharynx,1,2,0,0,1076
A0230,male,62,0,positive,larynx,1,2,0,0,1634
A0302,female,56,2,positive,oropharynx,2,2,0,0,1796
A0345,male,61,0,negative,oropharynx,1,2,0,1,673
A0269,male,65,1,negative,oropharynx,3,2,0,0,1027
A0028,female,75,3,positive,hypopharynx,3,1,0,1,184
A0225,female,67,1,,oropharynx,3,1,0,1,467
A0330,female,77,1,negative,hypopharynx,1,0,0,0,779
A0242,male,72,1,,oropharynx,2,0,0,0,996
A0168,male,70,2,positive,hypopharynx,3,1,0,1,60
A0075,male,73,1,negative,oropharynx,1,2,0,0,1264
A0160,female,70,1,positive,larynx,4,3,0,1,575
A0149,male,64,1,negative,oropharynx,1,0,0,0,784
A0123,male,59,2,negative,oropharynx,4,1,0,1,574
A0007,female,62,0,negative,larynx,4,2,0,0,472
A0342,male,66,1,,oropharynx,3,1,0,1,276
A0131,male,48,4,negative,oropharynx,4,3,0,1,335
A0064,male,53,2,negative,larynx,2,0,0,0,875
A0005,male,69,0,negative,larynx,1,2,0,0,958
A0313,male,57,3,negative,oropharynx,1,2,0,1,138
A0274,male,68,1,negative,larynx,1,1,0,0,650
A0227,female,58,3,negative,larynx,3,3,0,1,526
A0317,female,57,4,positive,larynx,2,x,0,0,1110
A0102,female,64,2,negative,hypopharynx,1,x,0,1,342
A0059,male,74,0,positive,oropharynx,2,1,0,0,1040
A0387,female,59,0,negative,oropharynx,4,2,1,1,27
A0296,male,63,2,negative,larynx,4,1,0,0,582
A0238,female,70,1,negative,hypopharynx,3,1,0,0,650
A0325,male,61,3,negative,oropharynx,1,0,0,0,1375
A0076,male,68,3,,oropharynx,1,1,0,0,639
A0146,male,76,0,negative,hypopharynx,1,0,0,1,235
A0373,female,63,1,negative,larynx,3,2,0,0,1752
A0155,male,71,2,negative,oropharynx,1,0,0,1,339
A0122,male,60,1,negative,oropharynx,2,0,0,0,1605
A0358,male,66,0,,oropharynx,4,0,0,1,1412
A0053,male,59,2,negative,larynx,0,0,0,0,1408
A0167,male,70,1,negative,larynx,0,0,0,0,360
A0092,male,48,4,negative,oropharynx,4,2,0,1,655
A0074,male,59,2,positive,oropharynx,2,2,0,0,1700
A0216,male,65,2,positive,oropharynx,1,3,0,0,1651
A0088,female,62,4,positive,hypopharynx,2,1,0,0,1047
A0217,male,59,3,,oropharynx,1,0,0,0,497
A0062,male,56,1,positive,larynx,2,1,0,0,247
A0013,male,63,4,positive,larynx,2,2,0,0,906
A0337,female,69,2,negative,larynx,2,2,0,0,1814
A0202,female,67,4,negative,oropharynx,2,0,0,1,307
A0363,male,58,0,negative,larynx,4,3,0,1,149
A0364,male,66,2,positive,larynx,1,2,0,0,1234
A0039,male,68,3,positive,larynx,1,2,1,0,346
A0185,male,70,2,positive,larynx,4,1,0,0,681
A0209,female,69,2,positive,larynx,3,3,0,0,386
A0241,male,84,0,positive,oropharynx,2,0,0,0,1028
A0048,female,57,0,negative,oropharynx,3,0,0,1,57
A0232,female,77,3,positive,larynx,3,2,0,1,277
A0206,male,71,1,,hypopharynx,2,1,0,0,491
A0002,male,66,4,negative,oropharynx,3,2,0,0,1064
A0356,male,79,1,negative,larynx,3,3,0,0,537
A0139,male,56,2,negative,oropharynx,3,x,1,1,936
A0346,male,62,0,negative,larynx,2,3,1,0,704
A0341,male,61,0,positive,larynx,1,2,0,0,990
A0283,male,66,1,negative,oropharynx,3,0,0,0,488
A0030,female,65,1,,oropharynx,3,1,0,0,1568
A0107,male,64,1,positive,hypopharynx,1,1,0,0,487
A0359,male,66,2,negative,larynx,4,1,0,1,894
A0172,male,69,2,positive,larynx,1,2,0,0,510
A0094,male,54,0,negative,hypopharynx,2,1,0,0,327
A0037,male,60,1,negative,oropharynx,1,0,0,0,1098
A0023,male,62,1,negative,larynx,2,2,0,0,508
A0024,male,63,1,negative,larynx,1,0,0,1,1054
A0114,male,59,2,positive,larynx,2,x,0,0,522
A0110,male,73,1,negative,hypopharynx,1,2,0,0,1489
A0077,male,63,2,negative,larynx,3,0,0,0,999
A0031,male,55,3,negative,oropharynx,2,3,0,0,945
A0109,male,68,0,,oropharynx,2,0,0,0,788
A0015,female,65,1,,oropharynx,2,1,0,0,1246
A0228,male,58,1,positive,larynx,3,1,0,0,1087
A0085,male,67,1,negative,hypopharynx,2,0,0,0,1064
A0134,female,52,0,positive,oropharynx,4,0,0,0,449
A0368,male,68,1,negative,oropharynx,2,2,0,0,1152
A0282,male,64,0,positive,larynx,4,0,1,1,406
A0169,female,57,0,negative,oropharynx,2,2,0,0,1454
A0295,female,71,1,,hypopharynx,3,1,0,0,507
A0369,male,53,4,negative,larynx,4,0,0,1,82
A0017,female,61,0,negative,oropharynx,1,0,0,0,878
A0145,female,56,0,positive,oropharynx,4,1,0,1,732
A0243,male,69,3,negative,larynx,2,0,0,1,140
A0061,female,56,0,positive,oropharynx,1,3,0,0,1474
A0038,female,60,1,positive,larynx,2,0,0,0,1802
A0095,male,65,2,negative,larynx,2,2,0,0,1089
A0375,male,71,2,positive,oropharynx,2,3,0,0,1457
A0161,female,69,1,negative,oropharynx,3,1,0,0,998
A0194,female,66,1,negative,hypopharynx,3,0,0,0,262
A0361,male,80,0,positive,oropharynx,3,1,0,0,343
A0143,male,65,2,negative,larynx,1,1,0,0,1614
A0376,female,64,0,negative,larynx,2,0,0,1,1286
A0308,male,50,0,negative,larynx,2,1,0,0,233
A0043,male,57,2,positive,hypopharynx,2,2,0,0,614
A0142,male,53,0,,larynx,2,2,0,0,807
A0231,male,62,3,negative,hypopharynx,3,0,0,1,122
A0199,male,65,2,negative,larynx,2,2,0,0,677
A0086,male,54,1,positive,hypopharynx,1,3,0,1,626
A0186,male,73,1,positive,oropharynx,4,0,0,1,893
A0382,female,56,0,positive,larynx,3,1,0,0,1525
A0372,male,61,0,,larynx,1,1,0,0,720
A0276,male,60,1,positive,larynx,2,0,0,0,1741
A0018,female,68,0,positive,oropharynx,2,1,0,0,267
A0042,female,59,1,,larynx,2,x,0,0,378
A0265,male,65,1,,larynx,3,2,1,1,433
A0367,female,59,2,,hypopharynx,4,0,0,0,240
A0041,female,66,1,positive,larynx,2,1,0,0,187
A0189,male,34,4,,oropharynx,2,1,0,1,754
A0097,male,61,1,negative,larynx,3,3,0,1,705
A0298,male,88,1,negative,oropharynx,4,x,0,0,239
A0132,male,55,1,,oropharynx,1,1,1,0,1579
A0203,male,64,1,negative,oropharynx,3,0,0,0,1401
A0100,male,56,3,negative,hypopharynx,2,1,0,0,662
A0285,male,83,1,negative,larynx,4,1,1,1,724
A0153,male,63,1,,hypopharynx,2,0,0,1,271
A0374,male,79,1,positive,oropharynx,1,1,0,0,217
A0029,male,54,1,negative,larynx,2,2,0,0,1222
B0252,male,53,1,negative,larynx,1,1,0,0,1724
B0352,female,59,1,positive,larynx,3,2,0,0,305
B0305,female,60,0,positive,oropharynx,3,0,0,0,825
B0178,male,56,0,positive,oropharynx,3,0,0,1,358
B0280,male,57,0,positive,oropharynx,2,1,0,0,865
B0157,female,54,0,positive,oropharynx,2,0,0,0,246
B0276,male,59,2,positive,hypopharynx,1,0,0,0,1483
B0211,female,69,2,positive,oropharynx,2,1,0,0,365
B0282,female,61,0,,oropharynx,1,2,0,0,818
B0250,male,56,1,negative,oropharynx,3,1,0,0,1488
B0243,male,48,0,positive,larynx,4,0,0,1,652
B0100,female,68,1,positive,oropharynx,3,0,0,0,674
B0297,male,45,0,positive,hypopharynx,1,2,0,0,302
B0091,male,61,0,negative,larynx,3,0,0,0,913
B0183,female,68,0,negative,oropharynx,1,3,0,0,1085
B0348,female,37,1,positive,larynx,3,0,0,0,317
B0152,male,54,1,negative,oropharynx,2,1,0,0,1430
B0215,male,54,0,negative,oropharynx,2,1,0,0,248
B0034,female,49,1,positive,larynx,4,0,0,0,442
B0024,male,55,1,positive,oropharynx,4,3,0,1,1488
B0009,male,59,0,positive,larynx,1,3,0,0,746
B0379,male,47,1,positive,hypopharynx,3,1,0,0,1501
B0263,male,56,2,negative,oropharynx,1,1,0,0,424
B0085,male,59,0,positive,oropharynx,3,1,0,0,1142
B0002,male,57,1,positive,oropharynx,1,0,0,0,1741
B0330,female,55,0,negative,larynx,2,0,0,0,1078
B0258,male,56,0,positive,larynx,1,0,0,0,1204
B0369,female,44,1,positive,oropharynx,2,0,0,0,1634
B0125,male,69,4,negative,larynx,2,0,0,1,392
B0042,male,61,1,positive,oropharynx,4,1,0,0,257
B0131,female,55,2,negative,hypopharynx,2,0,0,0,398
B0206,female,62,2,negative,oropharynx,2,0,1,1,27
B0336,male,65,1,negative,larynx,2,1,0,0,878
B0221,male,56,3,positive,hypopharynx,2,1,0,0,595
B0065,male,46,2,negative,larynx,2,1,0,0,293
B0004,male,65,0,positive,oropharynx,4,2,0,0,513
B0072,male,67,2,negative,oropharynx,3,1,0,0,610
B0115,male,51,1,negative,larynx,2,3,0,1,613
B0323,male,64,0,positive,oropharynx,1,1,0,0,939
B0047,male,58,3,positive,oropharynx,2,1,0,0,599
B0148,female,56,1,positive,larynx,3,0,0,1,561
B0385,male,58,1,negative,larynx,3,2,0,1,724
B0092,male,37,0,positive,oropharynx,2,0,0,0,1359
B0237,male,47,1,positive,oropharynx,4,0,0,1,567
B0345,male,52,2,negative,larynx,2,1,0,1,392
B0289,male,57,1,negative,oropharynx,4,0,1,1,389
B0310,male,53,1,negative,hypopharynx,2,0,0,1,415
B0370,female,59,0,,oropharynx,2,1,0,1,1110
B0028,female,49,0,,oropharynx,3,0,0,0,1533
B0195,female,66,0,positive,oropharynx,3,1,0,0,1755
B0231,male,40,0,positive,oropharynx,1,2,0,0,493
B0387,female,50,0,negative,oropharynx,2,0,0,0,1458
B0108,male,52,0,negative,oropharynx,4,1,0,1,745
B0078,male,57,1,positive,oropharynx,1,1,1,1,1315
B0259,male,54,2,positive,oropharynx,2,2,0,0,537
B0317,male,62,0,positive,oropharynx,2,1,0,0,633
B0226,female,48,3,positive,hypopharynx,0,2,1,0,840
B0279,male,47,0,negative,oropharynx,1,2,0,0,567
B0130,male,61,3,positive,larynx,2,0,0,0,1259
B0137,female,43,1,negative,oropharynx,1,0,0,0,610
B0388,female,67,1,negative,oropharynx,3,1,0,1,82
B0230,female,48,1,positive,larynx,2,0,0,0,1271
B0229,male,59,2,,oropharynx,3,1,0,1,143
B0270,female,57,1,positive,larynx,3,0,0,0,1352
B0251,female,51,1,positive,oropharynx,3,1,0,0,936
B0209,male,50,0,positive,larynx,3,1,0,0,310
B0233,female,59,1,negative,oropharynx,2,1,0,0,1333
B0216,female,58,1,negative,oropharynx,1,2,0,0,733
B0154,female,55,1,negative,oropharynx,2,2,0,0,937
B0036,male,54,0,negative,hypopharynx,1,2,0,1,972
B0013,female,70,0,negative,oropharynx,2,2,0,0,1478
B0084,female,49,2,positive,larynx,1,1,0,0,486
B0313,male,59,1,positive,oropharynx,3,0,0,0,597
B0089,male,65,0,negative,oropharynx,3,3,0,0,895
B0020,female,50,0,negative,oropharynx,2,1,0,0,297
B0275,female,60,1,positive,oropharynx,1,2,0,1,855
B0113,female,61,3,positive,larynx,2,1,0,1,255
B0082,female,49,1,negative,oropharynx,1,1,0,0,380
B0362,female,59,0,negative,oropharynx,3,2,0,0,1823
B0176,male,64,0,negative,oropharynx,1,1,0,1,235
B0060,male,69,0,negative,larynx,2,2,1,1,177
B0384,male,66,0,positive,oropharynx,3,2,0,0,1560
B0393,female,59,1,negative,oropharynx,1,1,0,0,378
B0223,male,62,0,positive,larynx,1,1,0,0,1375
B0172,female,63,1,positive,oropharynx,2,3,0,0,602
B0182,male,56,0,positive,oropharynx,4,2,0,0,1216
B0145,female,61,1,negative,oropharynx,4,0,0,0,359
B0213,male,71,1,,hypopharynx,1,0,0,0,657
B0119,male,64,2,positive,oropharynx,1,1,0,0,1594
B0102,female,62,2,positive,larynx,2,3,0,0,1528
B0192,female,56,0,positive,oropharynx,3,1,0,0,1165
B0272,male,64,0,negative,oropharynx,3,2,0,1,469
B0057,male,64,1,positive,oropharynx,1,1,0,0,1132
B0090,female,60,3,negative,larynx,2,1,0,0,186
B0277,male,43,1,positive,larynx,2,3,0,0,788
B0005,male,71,0,negative,oropharynx,1,2,0,0,1640
B0273,male,64,1,positive,oropharynx,2,1,0,0,1048
B0392,male,49,1,positive,larynx,1,2,0,0,1344
B0030,male,56,1,positive,oropharynx,2,1,0,0,1484
B0081,female,46,0,negative,oropharynx,1,2,0,0,1356
B0074,female,58,1,positive,hypopharynx,2,1,0,0,688
B0207,female,56,0,negative,oropharynx,4,1,0,0,859
B0053,male,51,1,positive,oropharynx,3,0,0,0,1686
B0035,female,62,1,negative,oropharynx,1,2,0,0,1824
B0029,male,62,1,negative,oropharynx,2,1,0,0,785
B0098,male,53,2,positive,oropharynx,1,1,0,0,1219
B0110,female,50,0,negative,oropharynx,1,2,0,0,960
B0346,male,64,1,positive,oropharynx,4,3,0,0,306
B0199,female,59,1,positive,oropharynx,2,1,0,1,105
B0343,male,69,0,positive,oropharynx,2,1,0,0,1477
B0123,male,56,1,positive,oropharynx,1,1,0,0,948
B0344,female,64,2,positive,oropharynx,2,0,0,0,1246
B0116,male,59,3,positive,oropharynx,2,2,0,0,975
B0203,female,44,0,positive,oropharynx,3,1,0,0,1718
B0041,male,51,2,positive,oropharynx,4,0,0,1,63
B0319,male,66,3,negative,oropharynx,1,3,0,0,1504
B0162,male,69,1,negative,oropharynx,2,2,0,1,121
B0355,female,61,1,positive,oropharynx,1,2,0,0,1788
B0204,female,56,0,negative,oropharynx,2,2,0,1,1493
B0144,male,54,2,positive,larynx,1,1,0,0,1225
B0048,male,48,0,negative,oropharynx,3,1,0,1,364
B0003,female,58,2,positive,hypopharynx,1,2,0,0,1412
B0314,female,55,2,positive,oropharynx,2,1,0,0,1216
B0265,male,56,3,positive,oropharynx,3,2,0,0,755
B0112,female,57,0,negative,larynx,3,1,0,1,881
B0069,male,56,4,positive,oropharynx,1,1,0,0,402
B0094,male,61,0,positive,oropharynx,1,1,0,0,319
B0331,male,51,1,positive,oropharynx,1,0,0,0,1706
B0353,male,66,1,negative,larynx,2,0,0,0,361
B0208,male,67,2,positive,oropharynx,4,2,0,1,25
B0292,male,54,0,positive,oropharynx,1,2,0,0,458
B0312,male,50,1,positive,oropharynx,3,2,0,1,699
B0044,male,60,0,positive,oropharynx,2,3,0,0,187
B0076,male,67,0,negative,oropharynx,3,1,0,0,683
B0141,female,63,1,positive,oropharynx,1,0,0,0,1724
B0324,male,62,3,positive,oropharynx,4,1,0,0,526
B0156,female,62,1,negative,hypopharynx,1,1,0,0,1031
B0138,female,51,0,positive,oropharynx,4,1,0,0,762
B0244,male,55,0,negative,larynx,4,0,0,0,1604
B0381,male,47,0,negative,oropharynx,2,1,0,1,260
B0205,male,64,1,negative,oropharynx,1,2,0,0,923
B0046,male,52,1,negative,oropharynx,4,1,0,1,256
B0101,male,62,0,positive,oropharynx,4,1,0,0,885
B0210,male,60,4,positive,larynx,1,1,0,0,662
B0118,male,60,1,positive,oropharynx,1,0,0,0,384
B0121,male,70,1,positive,hypopharynx,1,2,0,0,948
B0399,male,65,1,positive,oropharynx,1,1,0,0,1015
B0400,male,52,2,,oropharynx,3,0,1,1,1228
B0302,female,57,1,positive,hypopharynx,2,2,0,0,506
B0151,male,51,0,,oropharynx,2,3,0,0,886
B0124,female,62,0,positive,larynx,2,2,0,0,1396
B0283,male,74,2,positive,oropharynx,2,1,0,0,814
B0146,male,52,2,positive,larynx,4,1,0,0,650
B0073,male,53,1,positive,larynx,2,0,0,0,385
B0051,male,53,2,positive,oropharynx,1,1,0,0,1332
B0026,male,50,1,positive,oropharynx,1,1,0,0,1041
B0378,female,59,4,negative,oropharynx,2,0,0,0,541
B0248,male,58,2,negative,oropharynx,3,2,0,1,810
B0086,male,51,1,positive,hypopharynx,3,3,0,0,359
B0321,male,68,1,positive,hypopharynx,4,3,1,1,57
B0015,male,46,2,positive,oropharynx,4,0,0,1,742
B0179,male,50,2,negative,hypopharynx,1,3,0,0,1621
B0327,female,59,0,positive,oropharynx,1,0,1,0,354
B0308,male,60,0,positive,oropharynx,2,1,0,0,976
B0095,male,55,1,positive,larynx,2,2,0,0,1225
B0025,male,63,1,,oropharynx,2,2,0,1,148
B0007,male,49,2,positive,oropharynx,4,1,0,1,471
B0274,female,51,3,negative,oropharynx,2,1,0,0,1822
B0174,male,58,2,negative,oropharynx,2,0,0,1,189
B0367,male,58,2,positive,larynx,1,0,0,0,1383
B0033,male,62,1,positive,larynx,4,2,0,0,1020
B0242,male,70,0,positive,oropharynx,0,0,0,0,256
B0374,male,63,0,positive,oropharynx,2,1,1,1,240
B0247,male,72,0,positive,oropharynx,2,0,0,0,1052
B0389,male,59,1,negative,oropharynx,2,0,0,0,1446
B0059,male,66,0,negative,hypopharynx,1,2,0,0,865
B0201,male,61,1,positive,larynx,1,3,0,0,540
B0286,female,46,4,negative,hypopharynx,3,1,0,1,54
B0300,female,60,2,negative,oropharynx,4,0,0,1,235
B0180,male,58,1,positive,larynx,2,0,0,0,1818
B0006,male,60,0,negative,oropharynx,2,3,1,0,629
B0054,male,56,1,positive,larynx,4,0,0,0,461
B0240,male,68,1,positive,oropharynx,1,0,0,0,1119
B0027,male,48,1,positive,larynx,2,3,0,0,1205
B0198,male,51,1,positive,oropharynx,2,1,0,0,533
B0012,male,52,1,,hypopharynx,0,2,0,0,1821
B0227,male,52,0,positive,hypopharynx,4,0,0,0,1285
B0139,male,59,0,positive,oropharynx,1,1,0,0,518
B0284,female,53,0,negative,oropharynx,1,2,0,0,784
B0161,female,51,1,positive,hypopharynx,2,1,0,0,1609
B0266,male,61,0,positive,oropharynx,1,0,0,0,461
B0397,male,56,0,negative,oropharynx,0,1,0,0,763
B0238,female,63,3,,hypopharynx,3,2,0,1,161
B0052,male,41,0,positive,oropharynx,2,0,0,0,1478
B0236,female,63,3,positive,oropharynx,2,1,0,0,529
B0001,male,67,0,negative,larynx,4,0,0,1,2
B0045,male,52,1,,larynx,1,1,0,0,1807
B0062,male,55,0,positive,hypopharynx,3,0,0,1,379
B0368,male,44,1,positive,oropharynx,4,0,0,0,1279
B0358,male,59,1,,oropharynx,2,3,0,0,1264
B0132,male,46,1,positive,oropharynx,1,2,0,0,865
B0083,female,57,1,positive,oropharynx,3,0,0,0,405
B0018,male,60,0,negative,oropharynx,2,0,0,0,1340
B0165,male,54,1,negative,larynx,1,2,0,0,1433
B0173,male,56,1,positive,hypopharynx,1,0,0,0,902
B0191,male,58,0,negative,oropharynx,1,0,0,0,640
B0340,male,58,2,negative,larynx,1,2,0,0,695
B0377,female,53,3,positive,oropharynx,2,1,0,0,1627
B0356,male,55,1,positive,oropharynx,2,1,0,0,1607
B0295,male,60,2,negative,oropharynx,0,0,0,0,1311
B0372,male,59,0,negative,hypopharynx,3,1,0,0,609
B0383,male,59,3,positive,larynx,2,1,0,0,353
B0326,male,63,1,positive,larynx,4,2,0,0,271
B0290,female,45,2,positive,oropharynx,2,0,0,0,1392
B0122,male,66,0,positive,oropharynx,1,3,0,0,1482
B0011,male,62,4,negative,larynx,1,0,0,0,1293
B0022,male,63,3,positive,oropharynx,2,3,0,0,849
B0050,male,72,0,positive,oropharynx,2,0,0,0,1460
B0200,female,62,2,positive,oropharynx,1,1,0,0,1508
B0371,male,61,1,positive,oropharynx,2,0,0,0,670
B0359,male,52,1,positive,oropharynx,1,0,0,0,1536
B0380,male,49,4,negative,oropharynx,2,1,0,1,503
B0342,female,61,1,negative,oropharynx,3,1,0,0,1198
B0196,male,56,2,positive,hypopharynx,2,1,0,0,781
B0049,male,64,2,negative,oropharynx,3,1,0,0,1061
B0133,female,54,3,positive,larynx,1,2,0,0,718
B0365,male,59,1,positive,oropharynx,1,1,0,0,832
B0291,male,55,0,positive,oropharynx,2,2,1,1,233
B0105,male,59,1,,oropharynx,4,2,0,0,1002
B0160,male,53,0,negative,hypopharynx,3,3,0,0,749
B0261,male,60,0,negative,oropharynx,3,1,0,0,750
B0361,male,44,3,positive,larynx,3,2,0,1,330
B0219,male,59,2,positive,oropharynx,1,0,0,0,1741
B0288,male,64,0,negative,hypopharynx,3,0,0,0,1470
B0067,male,52,1,positive,hypopharynx,2,0,0,0,376
B0322,male,55,0,negative,oropharynx,2,1,0,0,421
B0194,female,59,1,positive,oropharynx,1,2,0,0,1005
B0043,male,68,0,positive,larynx,3,3,0,0,251
B0056,female,66,2,negative,oropharynx,3,1,0,1,71
B0140,male,58,0,negative,oropharynx,1,0,0,0,1044
B0158,male,48,0,negative,oropharynx,3,x,0,1,970
B0375,male,62,1,positive,oropharynx,2,0,0,0,674
B0066,male,55,1,,oropharynx,3,2,0,0,764
B0245,female,48,0,negative,oropharynx,2,1,0,0,1298
B0255,female,54,0,positive,larynx,4,1,0,0,314
B0129,female,55,1,,hypopharynx,2,2,1,1,112
B0107,female,55,0,negative,oropharynx,2,2,0,1,1099
B0127,female,49,1,positive,oropharynx,2,2,0,0,380
B0171,female,57,0,positive,oropharynx,3,1,0,1,350
B0019,male,68,4,positive,larynx,1,0,0,1,577
B0396,female,53,3,positive,oropharynx,1,1,1,1,850
B0186,female,65,0,positive,hypopharynx,1,0,0,0,651
B0228,male,61,0,negative,hypopharynx,2,0,0,1,697
B0391,male,50,1,,oropharynx,1,0,0,0,1105
B0093,male,53,0,positive,hypopharynx,2,2,0,0,1774
B0058,male,51,3,positive,larynx,4,0,0,0,263
B0080,male,60,1,positive,oropharynx,2,0,0,0,331
B0177,male,69,1,positive,hypopharynx,2,0,0,1,170
B0163,male,55,1,negative,oropharynx,1,2,0,0,1641
B0114,female,57,2,positive,oropharynx,1,2,0,0,1623
B0254,male,55,0,positive,oropharynx,1,1,0,0,678
B0357,female,41,1,negative,oropharynx,1,1,0,0,364
B0339,male,61,0,negative,oropharynx,1,1,0,0,436
B0147,male,65,2,positive,larynx,3,1,0,0,221
B0294,female,53,2,positive,oropharynx,2,2,0,0,994
B0039,female,59,1,positive,larynx,1,2,0,0,1407
B0111,male,58,0,,oropharynx,4,2,0,0,196
B0364,male,67,2,negative,larynx,2,0,0,0,1766
B0088,female,52,1,negative,hypopharynx,3,2,0,0,960
B0126,male,57,1,positive,oropharynx,2,0,0,0,1065
B0055,female,53,0,positive,larynx,2,1,0,0,1626
B0376,male,46,0,negative,oropharynx,0,0,0,0,1503
B0351,female,47,2,positive,oropharynx,2,1,0,0,921
B0075,male,61,1,positive,larynx,1,2,0,0,841
B0021,male,46,1,positive,hypopharynx,2,2,0,0,1416
B0031,female,52,1,positive,larynx,3,0,0,0,542
B0318,male,52,0,negative,hypopharynx,1,1,0,0,1749
B0099,male,64,0,positive,larynx,2,0,0,0,1074
B0386,male,55,3,positive,larynx,2,0,0,0,422
B0332,male,66,1,positive,oropharynx,1,1,0,0,636
B0271,male,53,0,positive,oropharynx,4,1,0,0,773
B0395,male,66,3,,oropharynx,3,1,0,1,356
B0217,female,63,2,positive,hypopharynx,3,0,0,0,240
B0329,female,39,2,positive,oropharynx,1,2,0,0,875
B0120,male,46,3,positive,larynx,4,0,0,0,758
B0268,male,58,1,negative,larynx,1,1,0,0,1168
B0350,male,59,1,negative,oropharynx,1,1,0,1,83
B0106,male,50,2,negative,larynx,3,1,0,0,799
B0366,male,48,1,negative,oropharynx,0,3,0,0,831
B0032,male,42,0,negative,hypopharynx,1,1,0,0,1774
B0023,male,54,2,positive,oropharynx,1,1,0,0,712
B0168,male,51,2,positive,oropharynx,4,0,0,0,1748
B0197,female,66,0,,larynx,1,1,0,1,250
B0382,female,53,0,positive,hypopharynx,2,2,0,0,446
B0010,female,56,2,negative,larynx,1,3,0,0,480
B0061,female,45,1,negative,oropharynx,3,1,0,0,831
B0016,male,57,2,positive,larynx,4,2,0,0,1014
B0306,female,62,0,positive,hypopharynx,1,1,0,0,731
B0142,male,58,0,positive,larynx,1,1,0,0,944
B0316,female,56,1,positive,larynx,2,2,0,0,938
B0241,male,69,0,positive,oropharynx,2,0,0,0,955
B0077,male,51,1,positive,oropharynx,3,1,0,1,435
B0190,male,57,1,positive,larynx,2,0,1,0,732
B0235,male,70,2,positive,oropharynx,2,1,0,0,771
B0135,male,49,1,positive,oropharynx,3,1,0,0,829
B0159,male,57,2,positive,oropharynx,4,0,0,0,374
B0334,male,63,0,negative,larynx,1,1,0,0,819
B0064,female,67,0,positive,oropharynx,2,2,0,0,1717
B0070,male,62,0,negative,oropharynx,2,1,0,0,1512
B0287,male,50,3,positive,oropharynx,1,1,0,0,1140
B0218,male,49,1,positive,hypopharynx,2,2,1,1,1479
B0109,male,66,0,positive,hypopharynx,1,2,0,0,316
B0170,male,53,1,positive,hypopharynx,1,1,0,0,302
B0167,male,55,1,positive,oropharynx,1,1,0,0,1803
B0096,male,63,3,negative,oropharynx,1,1,0,0,1197
B0304,male,55,0,negative,oropharynx,2,2,0,0,447
B0285,male,50,1,positive,oropharynx,2,1,0,0,228
B0117,male,71,1,positive,oropharynx,1,1,0,0,1382
B0373,male,66,4,positive,oropharynx,2,1,0,0,1553
B0103,female,48,0,negative,oropharynx,2,3,0,0,480
B0166,male,50,4,positive,larynx,2,0,0,0,865
B0150,male,57,2,positive,oropharynx,1,0,1,0,1691
B0214,male,49,3,positive,oropharynx,1,1,0,0,486
B0097,male,61,2,positive,hypopharynx,3,0,0,1,1475
B0185,male,56,0,positive,oropharynx,2,0,0,0,1029
B0293,female,61,1,positive,oropharynx,0,1,0,0,1339
B0202,female,56,0,positive,oropharynx,2,x,0,0,1676
B0040,male,42,0,negative,hypopharynx,2,2,1,1,63
B0335,female,59,1,positive,hypopharynx,2,1,0,0,723
B0220,male,51,0,negative,oropharynx,2,0,0,0,1266
B0184,male,51,0,positive,oropharynx,3,3,0,0,961
B0128,male,63,0,positive,oropharynx,2,2,0,0,657
B0315,male,66,0,positive,larynx,2,1,0,0,293
B0087,male,41,0,positive,oropharynx,0,2,0,0,1063
B0246,female,50,4,positive,oropharynx,1,1,1,1,33
B0363,female,61,2,positive,oropharynx,3,0,0,0,632
B0296,female,56,0,negative,larynx,4,1,0,1,714
B0398,male,54,0,positive,larynx,1,2,0,0,1762
B0068,female,51,2,positive,oropharynx,1,1,0,0,376
B0307,female,64,1,positive,oropharynx,1,1,0,0,1005
B0394,female,58,1,positive,oropharynx,3,0,0,1,1152
B0267,female,44,1,positive,oropharynx,4,2,0,1,1353
B0328,male,66,3,positive,larynx,2,0,0,0,1156
B0155,female,57,0,positive,larynx,1,1,0,0,1211
B0071,female,62,0,negative,oropharynx,1,1,0,0,1353
B0169,male,62,2,,oropharynx,3,0,0,1,431
B0253,female,61,0,positive,hypopharynx,2,0,0,0,1366
B0360,female,59,0,negative,larynx,1,2,0,0,1437
B0063,female,58,1,positive,oropharynx,1,2,0,0,1777
B0354,female,57,1,positive,oropharynx,2,0,0,1,734
B0264,male,52,2,positive,larynx,2,0,0,0,435
B0349,male,51,2,negative,oropharynx,2,2,0,1,444
B0303,female,45,1,positive,oropharynx,1,1,0,0,1768
B0260,male,54,2,positive,oropharynx,4,0,0,0,1602
B0164,female,77,0,positive,oropharynx,2,2,0,0,486
B0038,male,52,1,positive,hypopharynx,4,2,0,0,1304
B0239,female,48,0,positive,oropharynx,1,2,0,0,641
B0234,female,46,0,positive,oropharynx,1,1,0,1,428
B0222,male,46,0,positive,oropharynx,1,1,0,0,1258
B0257,male,58,1,positive,oropharynx,1,1,0,0,1068
B0341,male,54,1,positive,larynx,3,0,0,0,350
B0225,female,60,0,positive,larynx,1,1,0,1,1291
B0269,male,62,0,positive,oropharynx,3,0,0,1,1058
B0311,male,67,3,negative,oropharynx,3,0,0,0,218
B0347,male,52,0,,oropharynx,4,1,0,0,412
B0017,male,62,2,positive,oropharynx,0,2,0,0,519
B0008,male,57,0,negative,larynx,1,2,0,0,585
B0309,female,61,1,negative,oropharynx,3,1,0,1,134
B0189,male,70,1,positive,oropharynx,1,1,0,0,441
B0181,female,69,3,positive,oropharynx,1,1,0,1,379
B0299,male,66,0,positive,larynx,0,2,0,0,715
B0256,female,56,0,positive,oropharynx,3,1,0,0,733
B0338,male,58,1,positive,oropharynx,2,2,0,0,1408
B0278,male,59,1,positive,hypopharynx,2,0,0,0,1218
B0079,female,50,1,negative,oropharynx,4,2,0,0,500
B0224,male,44,1,positive,larynx,2,0,0,0,1189
B0188,male,54,0,positive,hypopharynx,1,2,0,0,1078
B0298,male,50,4,positive,oropharynx,3,1,0,0,822
B0390,female,62,1,negative,larynx,1,0,0,0,317
B0153,male,46,3,negative,oropharynx,2,1,0,1,23
B0232,male,58,0,positive,hypopharynx,2,1,0,0,1593
B0149,male,55,3,positive,oropharynx,2,x,0,0,309
B0037,male,59,2,positive,oropharynx,2,3,0,0,1181
B0281,female,47,0,positive,oropharynx,2,1,0,0,551
B0212,female,68,0,negative,oropharynx,2,1,0,0,729
B0175,male,53,1,positive,oropharynx,1,2,0,0,1002
B0337,male,63,3,positive,hypopharynx,4,2,0,0,282
B0325,female,65,3,negative,hypopharynx,2,2,0,0,912
B0187,female,59,0,negative,oropharynx,4,2,0,0,683
B0143,female,68,2,positive,larynx,1,0,0,0,274
B0301,male,58,3,positive,oropharynx,0,1,0,0,229
B0333,male,56,0,negative,oropharynx,2,2,0,0,305
B0136,male,69,1,positive,hypopharynx,4,1,0,1,1246
B0134,female,61,1,negative,hypopharynx,1,1,0,0,781
B0193,female,51,0,positive,larynx,4,1,0,0,1261
B0104,male,58,0,positive,oropharynx,2,2,0,0,1734
B0014,female,61,1,negative,oropharynx,2,2,0,0,560
B0249,female,55,2,negative,oropharynx,2,1,0,0,861
B0320,female,64,0,positive,hypopharynx,0,1,0,0,462
B0262,male,55,1,positive,larynx,3,1,0,0,1340
C0124,male,70,1,,larynx,1b,2,0,0,432
C0183,male,56,4,negative,larynx,1a,0,0,0,603
C0372,male,61,2,negative,hypopharynx,3,1,0,1,530
C0201,male,78,3,negative,larynx,2a,0,0,1,775
C0110,male,57,1,negative,hypopharynx,3,1,0,1,1064
C0275,male,58,4,positive,hypopharynx,1a,3,0,0,1312
C0326,male,82,1,negative,hypopharynx,3,2,0,1,30
C0253,male,71,2,negative,larynx,2b,2,0,1,718
C0377,male,69,1,positive,larynx,3,3,1,0,742
C0178,male,64,3,positive,oropharynx,4a,0,1,1,367
C0154,female,94,1,positive,hypopharynx,2c,0,0,1,407
C0187,female,76,0,negative,larynx,2b,1,0,0,559
C0362,male,57,1,negative,larynx,4a,1,0,1,415
C0145,male,68,4,negative,larynx,2c,2,0,0,879
C0274,male,75,2,negative,hypopharynx,4a,3,0,1,151
C0361,male,63,2,positive,oropharynx,0,2,0,0,1724
C0123,male,70,1,positive,larynx,4b,0,0,1,1210
C0208,female,71,2,negative,hypopharynx,3,1,0,1,551
C0316,female,81,3,,larynx,2b,x,0,0,1399
C0173,female,61,1,,larynx,4a,3,0,1,321
C0301,female,80,1,negative,larynx,1a,2,0,0,449
C0105,male,67,3,positive,oropharynx,2b,0,0,0,797
C0140,male,74,4,negative,larynx,2c,2,0,1,216
C0188,male,73,2,positive,oropharynx,3,x,0,0,1206
C0137,female,72,3,negative,hypopharynx,2b,3,0,1,158
C0398,male,64,1,negative,larynx,3,0,0,0,1311
C0265,female,60,3,negative,larynx,3,2,0,1,1232
C0130,male,56,2,positive,hypopharynx,4b,2,1,0,270
C0223,male,72,1,positive,larynx,4b,1,0,0,934
C0039,male,71,3,,oropharynx,3,0,1,1,137
C0250,female,68,2,,larynx,3,3,0,1,20
C0199,male,55,1,positive,hypopharynx,4a,1,0,1,673
C0364,male,73,1,negative,oropharynx,3,x,0,0,766
C0379,male,69,4,,oropharynx,3,0,0,1,1055
C0114,female,61,2,negative,larynx,1a,1,1,1,1141
C0069,female,61,1,positive,hypopharynx,4b,1,0,0,1081
C0346,female,59,1,negative,larynx,3,x,0,0,1644
C0033,male,55,0,negative,oropharynx,1b,1,0,0,188
C0044,male,70,2,negative,hypopharynx,3,3,0,1,1717
C0090,male,52,1,negative,larynx,1a,2,0,0,788
C0079,male,63,1,,larynx,2b,0,0,0,341
C0159,female,63,1,,larynx,1a,2,0,0,915
C0353,female,66,0,,larynx,4b,x,0,0,455
C0080,male,73,2,,oropharynx,2a,0,0,0,1633
C0204,male,56,2,,hypopharynx,4b,0,0,1,422
C0205,female,57,0,positive,oropharynx,4b,3,0,0,456
C0066,male,51,1,negative,oropharynx,3,2,0,1,480
C0380,male,59,4,negative,larynx,2a,x,0,1,235
C0216,female,70,1,negative,larynx,3,3,0,1,210
C0358,female,63,4,negative,larynx,2c,0,0,0,1490
C0285,female,64,2,positive,hypopharynx,2a,0,0,0,1179
C0389,male,66,1,positive,larynx,4b,2,0,0,1019
C0393,male,67,1,negative,hypopharynx,2c,2,0,0,864
C0203,male,73,3,negative,oropharynx,2a,3,0,0,1395
C0242,male,82,0,,hypopharynx,3,0,0,1,287
C0142,female,62,3,positive,larynx,2a,1,0,1,1525
C0341,male,86,2,,oropharynx,3,2,0,1,51
C0155,male,77,4,,oropharynx,0,2,0,0,1661
C0046,male,57,1,negative,larynx,3,1,0,0,778
C0360,male,79,2,negative,hypopharynx,4a,0,0,0,356
C0120,male,77,2,,larynx,3,1,0,1,419
C0288,female,73,0,negative,oropharynx,4a,3,0,1,84
C0214,female,85,4,negative,oropharynx,4a,3,0,1,393
C0271,male,72,1,negative,larynx,3,3,0,0,655
C0121,male,66,4,positive,oropharynx,1b,1,0,0,187
C0314,male,61,1,negative,oropharynx,2c,0,0,0,902
C0254,female,73,1,,oropharynx,3,0,0,0,1039
C0168,male,47,0,positive,hypopharynx,4b,2,0,0,607
C0068,female,76,1,negative,oropharynx,2a,0,0,0,601
C0161,male,57,1,negative,larynx,2b,3,0,0,1376
C0356,female,60,3,,larynx,4b,1,0,1,318
C0357,male,77,3,,oropharynx,0,3,0,0,1186
C0012,female,61,1,positive,hypopharynx,4a,0,0,0,1408
C0003,female,76,0,,oropharynx,4a,1,0,0,1206
C0260,male,83,3,positive,larynx,3,1,1,1,392
C0323,male,79,3,,larynx,2a,2,0,1,1082
C0296,male,64,1,negative,larynx,0,3,0,0,899
C0016,male,57,0,negative,oropharynx,4b,0,1,0,656
C0244,male,58,2,negative,larynx,3,2,0,0,317
C0212,female,72,3,negative,larynx,4b,3,0,1,768
C0014,female,70,3,,hypopharynx,4b,2,0,0,394
C0128,male,72,1,negative,oropharynx,4a,1,0,1,1215
C0209,male,60,0,negative,larynx,3,3,1,1,340
C0054,female,58,1,positive,larynx,3,1,0,0,1707
C0015,male,80,3,negative,hypopharynx,3,1,0,1,86
C0023,female,73,2,negative,larynx,3,1,0,1,808
C0284,male,71,3,negative,hypopharynx,2b,2,1,1,447
C0089,male,69,3,,larynx,2b,2,0,0,435
C0166,male,71,2,negative,oropharynx,2b,2,0,0,1628
C0092,female,77,2,positive,oropharynx,4a,0,0,1,353
C0333,male,75,2,positive,larynx,2a,2,1,1,169
C0309,male,55,3,negative,larynx,2b,2,1,1,1509
C0071,female,44,3,negative,larynx,2c,1,0,1,1556
C0359,female,61,3,negative,oropharynx,2b,2,0,0,1026
C0298,male,57,0,negative,larynx,4b,x,0,0,340
C0062,male,66,1,negative,larynx,4b,1,0,0,732
C0269,male,69,2,negative,hypopharynx,3,3,0,0,1776
C0138,female,73,2,positive,oropharynx,3,1,0,0,1104
C0365,male,64,2,positive,oropharynx,1a,3,1,1,282
C0394,male,53,1,positive,hypopharynx,2c,3,0,0,1804
C0098,female,54,1,positive,larynx,3,0,0,0,1497
C0351,male,60,1,,oropharynx,4b,3,0,0,1593
C0061,male,62,1,negative,larynx,3,2,0,0,394
C0067,male,53,3,negative,oropharynx,4a,0,0,1,1192
C0291,male,78,2,negative,hypopharynx,1a,1,0,0,1805
C0251,female,55,2,negative,hypopharynx,4b,1,0,0,430
C0219,male,73,1,negative,larynx,2c,2,1,1,337
C0103,male,75,2,negative,oropharynx,3,1,1,1,93
C0170,male,66,1,negative,oropharynx,3,2,1,1,12
C0190,male,67,1,positive,larynx,3,x,0,0,399
C0327,female,68,2,negative,oropharynx,2b,0,0,0,1374
C0109,male,74,3,,oropharynx,3,1,0,1,1265
C0049,female,69,1,negative,oropharynx,3,2,0,0,788
C0184,female,77,4,positive,hypopharynx,3,3,0,1,145
C0002,female,78,2,positive,larynx,4b,0,0,1,247
C0088,male,60,3,negative,oropharynx,1a,1,0,0,423
C0338,male,61,1,positive,larynx,4b,3,0,0,1722
C0268,male,73,3,negative,hypopharynx,3,3,0,1,309
C0243,male,44,3,negative,hypopharynx,4a,3,0,0,1018
C0370,male,78,4,,oropharynx,4b,1,0,0,308
C0073,female,67,4,positive,larynx,1b,0,0,0,1017
C0034,male,73,2,negative,larynx,2a,1,1,1,87
C0308,female,68,1,,larynx,3,2,0,1,449
C0386,male,63,1,negative,oropharynx,1b,2,0,0,667
C0106,female,71,3,negative,larynx,2c,x,0,1,1055
C0227,female,62,1,positive,larynx,2b,2,0,0,1401
C0304,female,60,0,,oropharynx,4b,1,0,1,1270
C0035,female,67,2,negative,oropharynx,3,2,0,0,210
C0381,male,76,4,,hypopharynx,1a,2,0,0,1415
C0125,male,79,3,negative,larynx,4b,3,0,1,157
C0383,male,84,1,,oropharynx,2c,2,0,0,1307
C0020,female,72,3,negative,oropharynx,3,2,0,0,315
C0240,male,68,3,,larynx,2b,1,0,0,374
C0262,male,74,1,,larynx,1a,3,0,1,491
C0005,male,65,2,negative,larynx,1b,2,0,1,243
C0072,female,54,2,negative,larynx,2c,1,0,0,1017
C0037,male,66,4,negative,oropharynx,3,1,0,1,74
C0374,female,57,3,,oropharynx,1a,3,1,0,1176
C0350,female,79,3,negative,larynx,4a,2,0,1,672
C0281,male,59,2,negative,oropharynx,1b,0,0,1,1005
C0229,female,71,1,negative,oropharynx,3,2,0,0,1343
C0307,male,66,0,,oropharynx,4b,1,0,0,1522
C0252,female,71,1,negative,oropharynx,2c,3,0,0,522
C0057,male,47,3,negative,oropharynx,2a,0,0,1,296
C0354,female,68,2,negative,hypopharynx,4a,0,0,1,1110
C0112,male,49,1,negative,larynx,3,2,0,1,499
C0348,male,54,2,positive,oropharynx,3,1,0,1,447
C0202,female,76,2,negative,larynx,3,1,0,1,532
C0234,male,64,1,,oropharynx,3,1,0,0,1077
C0371,male,70,1,negative,hypopharynx,3,1,1,0,348
C0167,male,75,1,,larynx,2c,2,0,0,1738
C0041,female,62,1,negative,oropharynx,3,1,1,1,6
C0235,female,82,2,,oropharynx,1b,0,0,1,77
C0019,male,55,1,negative,larynx,2c,3,0,0,967
C0153,male,68,3,positive,oropharynx,4a,1,0,1,372
C0148,female,71,2,positive,oropharynx,3,2,0,0,1681
C0191,female,66,2,negative,hypopharynx,2c,2,1,1,411
C0245,male,75,4,positive,larynx,2c,2,0,0,1468
C0225,male,75,2,negative,larynx,2a,1,0,1,142
C0181,female,69,3,negative,hypopharynx,4b,1,0,1,110
C0056,male,50,3,positive,larynx,2b,2,0,0,1366
C0115,male,63,3,negative,hypopharynx,4b,1,0,0,766
C0127,male,60,3,,larynx,1b,2,1,0,888
C0163,male,62,3,negative,larynx,3,2,0,0,997
C0287,male,65,1,,oropharynx,4b,x,0,0,537
C0175,male,83,0,positive,oropharynx,1b,2,0,0,668
C0042,female,53,1,negative,larynx,2c,2,0,1,542
C0233,female,52,1,negative,larynx,2b,3,1,0,1368
C0207,male,72,4,negative,larynx,4b,1,0,0,286
C0192,male,56,3,negative,oropharynx,3,2,0,1,34
C0230,female,69,0,negative,larynx,4b,3,0,1,1236
C0027,male,55,2,negative,larynx,1b,1,1,0,1174
C0196,female,76,1,,oropharynx,4b,3,0,1,110
C0047,male,46,3,negative,hypopharynx,3,1,0,1,449
C0310,male,74,3,,oropharynx,2c,1,0,0,1483
C0158,male,60,2,negative,larynx,4a,0,0,1,120
C0241,female,59,1,negative,oropharynx,4a,1,0,0,1014
C0220,male,52,4,positive,larynx,2b,3,0,0,939
C0010,male,66,0,,larynx,4b,1,0,1,573
C0075,male,68,2,positive,hypopharynx,2a,3,0,0,623
C0052,female,85,1,,larynx,1b,2,0,0,748
C0076,male,71,1,positive,larynx,4b,3,0,0,1307
C0226,male,76,2,negative,hypopharynx,2c,3,1,1,144
C0385,male,59,3,positive,oropharynx,4b,0,0,0,399
C0257,male,58,1,negative,oropharynx,4a,1,0,1,488
C0237,male,71,1,negative,oropharynx,3,1,1,1,313
C0177,male,54,3,negative,oropharynx,4a,0,1,1,169
C0104,male,61,2,negative,hypopharynx,2a,2,0,0,1119
C0186,female,62,3,,hypopharynx,2c,1,1,0,511
C0347,female,63,2,,oropharynx,4a,3,0,0,333
C0169,male,64,2,negative,larynx,2c,2,0,0,1789
C0264,male,59,0,negative,larynx,3,1,0,0,895
C0320,male,56,2,positive,larynx,4b,3,0,1,575
C0180,female,56,4,negative,oropharynx,0,0,0,0,989
C0259,male,69,1,positive,oropharynx,3,1,1,1,859
C0345,male,66,1,,larynx,1b,0,0,0,1002
C0266,female,68,1,,larynx,3,1,0,0,269
C0313,male,65,4,negative,larynx,2a,3,0,1,449
C0217,male,60,1,,larynx,2b,2,0,0,206
C0040,female,70,2,negative,larynx,3,2,0,1,277
C0391,male,73,0,positive,oropharynx,4b,3,0,0,897
C0210,female,62,0,negative,hypopharynx,4b,3,0,1,1229
C0156,male,80,4,negative,hypopharynx,3,0,0,1,647
C0290,female,66,1,negative,oropharynx,4a,1,0,1,1148
C0278,male,70,2,,larynx,2c,0,0,0,928
C0013,male,70,4,negative,oropharynx,3,3,0,1,371
C0126,male,69,1,positive,oropharynx,4a,3,0,1,445
C0197,male,55,0,negative,oropharynx,3,2,0,0,1740
C0292,male,78,2,,oropharynx,4b,2,0,1,1514
C0344,male,69,4,,oropharynx,3,2,0,1,747
C0258,male,66,1,negative,larynx,4a,2,0,1,570
C0074,male,61,3,positive,larynx,3,1,0,0,1418
C0388,male,67,2,positive,oropharynx,4b,3,0,0,1327
C0083,male,64,0,negative,larynx,4a,1,0,0,1112
C0366,male,70,3,negative,larynx,2b,1,0,0,442
C0093,female,74,1,negative,larynx,4b,2,0,0,342
C0029,female,76,3,positive,oropharynx,4a,2,0,1,71
C0058,male,75,0,positive,larynx,1b,3,0,0,467
C0279,male,78,1,,hypopharynx,2c,x,1,0,480
C0087,male,72,1,negative,larynx,1a,1,1,0,467
C0011,male,55,3,,hypopharynx,3,3,0,0,1378
C0248,male,54,1,negative,larynx,3,2,0,1,696
C0352,male,79,1,negative,larynx,4a,1,0,1,944
C0283,male,61,3,,larynx,1b,2,0,0,1197
C0315,male,62,2,negative,oropharynx,4a,3,0,0,257
C0018,male,73,3,positive,oropharynx,2c,1,0,1,1106
C0152,male,48,3,positive,larynx,2a,1,0,0,1714
C0174,male,70,3,positive,oropharynx,4a,1,1,1,279
C0133,male,79,3,negative,oropharynx,2a,2,0,1,205
C0282,female,73,4,,hypopharynx,2a,2,0,1,310
C0022,male,58,0,,oropharynx,3,2,0,0,391
C0102,female,60,0,negative,oropharynx,4b,0,0,0,620
C0339,male,84,2,negative,hypopharynx,4a,3,0,1,196
C0107,male,68,2,positive,hypopharynx,4b,2,0,0,1065
C0095,male,61,3,negative,oropharynx,2a,0,0,1,349
C0224,male,66,3,,oropharynx,4b,1,0,1,505
C0099,male,71,4,positive,larynx,2a,2,1,1,233
C0134,male,68,1,negative,oropharynx,3,2,0,0,879
C0335,female,54,0,negative,hypopharynx,3,2,0,1,375
C0218,female,48,2,negative,larynx,3,1,0,1,208
C0146,male,75,1,negative,hypopharynx,4b,1,0,1,192
C0141,female,67,2,negative,larynx,2b,2,0,1,717
C0397,male,72,4,,hypopharynx,4b,0,1,0,226
C0176,male,48,2,negative,larynx,2c,2,0,0,516
C0321,male,64,3,positive,hypopharynx,4b,2,1,0,1076
C0334,male,67,3,negative,oropharynx,4a,0,0,0,700
C0255,male,57,0,positive,hypopharynx,1a,0,0,0,372
C0246,male,57,3,negative,larynx,2b,2,0,0,1344
C0143,female,55,1,negative,oropharynx,3,1,0,0,715
C0059,male,66,2,positive,larynx,3,0,0,0,1261
C0276,male,73,3,negative,larynx,3,2,0,1,157
C0108,male,60,3,positive,larynx,4a,2,0,0,1680
C0116,male,51,3,,oropharynx,1b,0,1,1,476
C0136,female,74,1,,larynx,3,0,0,0,854
C0387,female,69,1,,oropharynx,2b,0,0,0,366
C0007,female,72,0,negative,larynx,3,1,0,1,16
C0396,female,61,2,,larynx,4b,2,1,1,413
C0368,male,76,3,positive,larynx,3,2,0,0,1346
C0349,male,61,3,negative,larynx,4b,2,0,0,234
C0247,male,55,2,positive,oropharynx,2b,3,0,0,658
C0118,male,69,4,,hypopharynx,1b,1,0,0,304
C0300,male,59,2,,larynx,3,1,0,0,751
C0306,male,66,3,,hypopharynx,2b,0,0,1,262
C0376,male,75,3,,larynx,4b,3,0,0,1338
C0096,male,72,1,positive,hypopharynx,4b,2,0,1,74
C0078,male,89,1,negative,hypopharynx,2a,0,0,0,994
C0200,male,85,2,positive,larynx,2a,1,1,0,649
C0031,male,65,1,negative,larynx,3,3,0,1,4
C0343,male,86,1,positive,larynx,4a,1,0,1,461
C0164,male,65,1,positive,oropharynx,3,2,0,0,820
C0238,male,61,3,positive,larynx,2c,3,1,0,1388
C0302,female,79,3,negative,oropharynx,3,1,0,1,342
C0026,male,70,1,negative,oropharynx,2a,1,0,0,254
C0295,male,46,4,positive,hypopharynx,4a,3,0,1,9
C0025,male,66,1,,hypopharynx,2a,2,0,0,1598
C0021,male,52,4,negative,oropharynx,3,1,0,1,661
C0375,male,62,1,,hypopharynx,3,0,0,1,1604
C0336,male,71,3,negative,hypopharynx,3,x,0,1,406
C0392,male,55,4,,larynx,3,3,0,1,529
C0051,female,73,1,positive,hypopharynx,4a,2,1,1,855
C0036,male,72,2,negative,oropharynx,2c,0,0,0,1726
C0162,female,89,1,negative,larynx,4a,1,0,1,1787
C0060,male,55,1,negative,oropharynx,3,2,0,0,1087
C0053,male,62,1,negative,oropharynx,0,2,0,0,1311
C0215,male,67,1,negative,hypopharynx,4b,3,0,1,184
C0086,male,71,3,negative,oropharynx,4a,3,0,1,404
C0355,male,68,0,positive,larynx,3,3,1,0,1095
C0091,male,81,1,negative,larynx,4a,1,1,1,64
C0317,male,77,1,negative,larynx,4a,2,1,1,275
C0382,male,67,2,positive,oropharynx,3,3,0,0,1187
C0378,male,62,2,positive,hypopharynx,3,3,0,0,928
C0006,male,67,3,negative,larynx,3,0,1,1,203
C0063,male,65,0,,hypopharynx,1b,1,0,0,1751
C0297,male,73,3,negative,hypopharynx,3,0,0,0,1465
C0001,male,72,1,,hypopharynx,4a,3,0,1,392
C0277,male,74,1,negative,hypopharynx,2a,0,0,0,667
C0139,female,76,3,,hypopharynx,4a,1,0,0,734
C0097,male,60,4,negative,larynx,3,0,0,1,72
C0055,male,78,3,negative,oropharynx,3,1,1,1,245
C0328,female,64,2,negative,hypopharynx,4a,2,0,0,1001
C0256,male,71,2,negative,hypopharynx,3,0,0,1,338
C0179,male,59,1,positive,oropharynx,3,2,0,0,243
C0289,female,69,1,negative,hypopharynx,4b,0,0,1,128
C0324,female,53,0,,oropharynx,4a,1,0,0,974
C0311,female,78,0,negative,oropharynx,2b,3,0,1,898
C0185,male,58,3,negative,hypopharynx,3,2,0,1,35
C0009,male,53,3,,hypopharynx,4b,3,0,1,891
C0222,female,68,1,negative,oropharynx,3,2,0,1,259
C0286,male,62,1,negative,hypopharynx,3,0,1,1,676
C0150,male,54,0,negative,oropharynx,4a,1,1,1,254
C0221,male,63,1,positive,hypopharynx,3,1,0,0,860
C0232,male,72,2,positive,larynx,2b,2,0,1,422
C0318,male,66,3,negative,oropharynx,3,3,0,1,509
C0330,male,76,2,,oropharynx,4b,2,1,1,349
C0319,male,62,4,negative,larynx,2b,0,0,0,1732
C0239,male,77,2,negative,larynx,2b,0,0,0,257
C0322,male,62,1,positive,oropharynx,3,1,1,0,350
C0045,female,52,1,negative,oropharynx,3,2,0,0,604
C0342,female,64,1,negative,oropharynx,1b,0,1,1,863
C0077,male,62,1,positive,larynx,3,1,0,0,1720
C0231,male,69,3,positive,larynx,3,1,0,0,362
C0198,female,73,1,positive,hypopharynx,3,2,1,1,1435
C0337,male,76,3,positive,hypopharynx,2b,1,0,0,1200
C0261,female,77,4,negative,larynx,3,1,0,0,464
C0147,female,66,1,negative,larynx,1a,1,0,0,849
C0032,male,77,4,,larynx,2a,0,0,0,1645
C0280,male,83,2,,hypopharynx,3,3,0,0,1481
C0369,male,81,3,positive,oropharynx,1b,1,1,0,347
C0028,female,70,3,negative,larynx,3,2,0,1,224
C0182,male,80,0,positive,larynx,1b,0,0,0,1754
C0329,male,52,0,positive,larynx,2c,3,1,0,1236
C0263,male,81,1,positive,hypopharynx,4a,2,0,0,667
C0228,female,57,2,negative,oropharynx,2b,1,1,1,285
C0367,male,73,4,positive,oropharynx,2a,3,0,1,281
C0395,male,83,2,,oropharynx,2c,0,0,0,1025
C0065,male,62,2,negative,larynx,1a,1,0,1,901
C0384,male,57,1,,hypopharynx,4a,0,0,0,458
C0149,male,68,4,negative,larynx,3,1,0,1,80
C0267,male,77,0,negative,larynx,3,3,0,1,86
C0119,male,73,2,negative,hypopharynx,2b,0,0,0,727
C0024,male,54,4,negative,oropharynx,4b,2,0,1,486
C0399,male,63,2,negative,hypopharynx,2c,0,0,0,1141
C0363,male,63,1,positive,hypopharynx,2b,3,1,0,950
C0325,female,67,0,negative,larynx,3,2,0,1,506
C0101,male,80,4,negative,larynx,3,1,1,1,184
C0131,male,65,0,negative,larynx,2b,0,0,0,356
C0211,female,64,2,negative,larynx,4a,2,0,0,772
C0213,female,78,2,,larynx,3,2,0,1,66
C0194,female,72,1,negative,hypopharynx,4a,2,0,1,1185
C0193,female,78,1,negative,larynx,4a,2,1,1,136
C0064,female,71,0,,larynx,2a,2,0,0,960
C0294,female,54,2,positive,hypopharynx,4b,3,0,0,482
C0094,male,66,2,negative,larynx,3,2,0,1,928
C0017,female,52,1,negative,oropharynx,2c,1,0,1,519
C0305,female,82,3,positive,larynx,3,2,0,0,412
C0273,male,64,1,positive,larynx,4b,3,0,0,927
C0157,male,65,1,positive,larynx,4b,1,1,1,329
C0293,male,69,3,negative,larynx,3,2,0,0,1795
C0151,female,64,3,,larynx,4a,0,0,1,113
C0117,male,65,3,negative,oropharynx,3,2,0,1,577
C0195,female,50,4,positive,hypopharynx,3,2,0,0,962
C0390,male,77,0,negative,hypopharynx,4a,3,0,0,1170
C0312,male,76,4,,hypopharynx,1b,0,1,0,1340
C0084,male,61,1,negative,hypopharynx,4b,0,0,0,729
C0122,female,67,1,negative,larynx,4a,1,0,0,899
C0373,female,66,4,positive,larynx,3,1,1,1,252
C0004,male,66,3,negative,hypopharynx,2a,1,0,1,1100
C0111,female,79,3,,larynx,2b,0,0,0,1234
C0030,male,66,1,negative,oropharynx,4b,1,0,0,1312
C0206,male,79,1,,oropharynx,3,1,1,1,98
C0070,male,61,2,positive,oropharynx,3,x,0,0,1640
C0050,male,62,3,negative,larynx,3,3,0,0,1654
C0249,male,62,2,positive,larynx,4b,1,0,1,808
C0135,female,65,1,negative,oropharynx,3,0,0,1,1384
C0299,male,78,1,negative,hypopharynx,3,x,0,1,30
C0129,female,51,4,positive,hypopharynx,3,3,1,1,178
C0189,female,67,0,positive,larynx,4a,0,0,0,1127
C0236,male,63,4,,larynx,4b,2,0,1,370
C0081,female,70,0,positive,oropharynx,3,3,0,0,683
C0132,male,66,1,positive,larynx,4a,3,0,0,190
C0165,female,78,2,negative,oropharynx,2c,1,0,0,508
C0048,female,70,2,negative,oropharynx,2a,x,1,1,475
C0272,male,68,2,positive,oropharynx,2b,2,0,0,846
C0171,male,67,0,negative,larynx,1b,x,0,0,471
C0144,male,74,2,,hypopharynx,2b,3,0,1,1180
C0270,male,81,4,negative,larynx,3,1,0,1,313
C0332,female,61,2,negative,oropharynx,2b,2,1,1,280
C0043,male,69,4,positive,oropharynx,3,3,0,0,1501
C0400,male,52,1,negative,hypopharynx,1a,1,1,1,69
C0085,male,62,0,,oropharynx,2a,1,0,0,843
C0172,female,83,1,positive,hypopharynx,3,3,0,0,656
C0100,female,68,3,positive,oropharynx,2b,2,0,0,253
C0008,male,58,1,negative,hypopharynx,2c,3,0,0,1405
C0113,male,76,1,negative,oropharynx,3,x,1,0,332
C0340,male,57,2,positive,oropharynx,3,1,0,1,1544
C0160,male,74,1,,oropharynx,4b,0,0,1,85
C0331,male,66,2,negative,larynx,2a,0,0,0,452
C0303,male,75,1,positive,larynx,2a,2,0,0,1306
C0038,female,57,2,negative,oropharynx,3,2,0,0,370
C0082,male,83,2,negative,oropharynx,2a,0,0,0,476
